epoch,lr-SGD/pg1,lr-SGD/pg2,step,train_acc,train_loss,val_acc,val_loss
,0.001,0.1,0,,,,
0,,,51,,,0.8680781722068787,0.7619247436523438
0,,,51,0.5670890212059021,2.206165313720703,,
,0.001,0.1,52,,,,
